{
    "noise_multiplier": 0.5,
    "privacy_budget_per_round": [
        142.3232428102169,
        142.3232428102169,
        142.3232428102169,
        142.3232428102169,
        142.3232428102169,
        142.3232428102169,
        142.3232428102169,
        142.3232428102169,
        142.3232428102169,
        142.3232428102169
    ],
    "final_server_metrics": {
        "loss": [
            0.7632520198822021,
            0.48395636677742004,
            0.5441977381706238,
            0.8639165759086609,
            0.6695849299430847,
            0.678877055644989,
            0.9027804732322693,
            0.9617176651954651,
            0.8054261803627014,
            0.8012781739234924,
            1.1892815828323364
        ],
        "accuracy": [
            0.5292317271232605,
            0.791474461555481,
            0.7721788287162781,
            0.7813608646392822,
            0.7979063391685486,
            0.7851312756538391,
            0.7417494654655457,
            0.7346078753471375,
            0.7438786625862122,
            0.7363378405570984,
            0.7531050443649292
        ],
        "precision": [
            0.6089089512825012,
            0.9688653349876404,
            0.9573380947113037,
            0.9588945508003235,
            0.9722697734832764,
            0.9690031409263611,
            0.9221968054771423,
            0.9767538905143738,
            0.9473950862884521,
            0.9526876211166382,
            0.9761499166488647
        ],
        "recall": [
            0.4835969805717468,
            0.654718279838562,
            0.6277565360069275,
            0.6434972286224365,
            0.663913369178772,
            0.6431075930595398,
            0.5966648459434509,
            0.5467934012413025,
            0.5824047327041626,
            0.5648717880249023,
            0.5804566144943237
        ],
        "f1_score": [
            0.5390662360680188,
            0.7813996639602978,
            0.7582831137988634,
            0.7701562051241262,
            0.789035022098735,
            0.7731147302611239,
            0.7245457996189703,
            0.7011040416796952,
            0.7213589322535104,
            0.7092260859477878,
            0.7280101483844988
        ],
        "auc": [
            0.4697611927986145,
            0.8630571961402893,
            0.8894848227500916,
            0.8888331651687622,
            0.9032554030418396,
            0.8828637003898621,
            0.8910565376281738,
            0.8479886054992676,
            0.918670117855072,
            0.8851026296615601,
            0.8795480728149414
        ]
    }
}