{
    "noise_multiplier": 0.0,
    "privacy_budget_per_round": [
        999.0,
        999.0,
        999.0,
        999.0,
        999.0,
        999.0,
        999.0,
        999.0,
        999.0,
        999.0
    ],
    "final_server_metrics": {
        "loss": [
            0.6719117760658264,
            0.7743278741836548,
            1.1654572486877441,
            1.2979062795639038,
            1.1786531209945679,
            1.947402834892273,
            1.5650274753570557,
            1.7265747785568237,
            1.3373838663101196,
            1.699278473854065,
            1.8828866481781006
        ],
        "accuracy": [
            0.4844304323196411,
            0.7944020628929138,
            0.7838005423545837,
            0.7771469354629517,
            0.7824254631996155,
            0.7905429601669312,
            0.7915631532669067,
            0.783711850643158,
            0.7834457159042358,
            0.7928051948547363,
            0.8010557293891907
        ],
        "precision": [
            0.5311791300773621,
            0.9699610471725464,
            0.9739192724227905,
            0.9770311713218689,
            0.9754137396812439,
            0.9749385118484497,
            0.9757838249206543,
            0.9751582741737366,
            0.9741204380989075,
            0.9742040634155273,
            0.9753986597061157
        ],
        "recall": [
            0.8031637072563171,
            0.6592379212379456,
            0.637263298034668,
            0.6231590509414673,
            0.633756697177887,
            0.6487181782722473,
            0.6499649286270142,
            0.6362503170967102,
            0.6364840865135193,
            0.6533156633377075,
            0.6673420071601868
        ],
        "f1_score": [
            0.6394515523201085,
            0.7849687077124378,
            0.7704192174664034,
            0.7609668013094144,
            0.7683151217330403,
            0.7790567293961228,
            0.7802254348784919,
            0.7700651026979535,
            0.7699123499565868,
            0.7821260331956714,
            0.7924860113085785
        ],
        "auc": [
            0.5354176759719849,
            0.9252321124076843,
            0.8919395804405212,
            0.8930164575576782,
            0.9002252221107483,
            0.8695405125617981,
            0.8853697776794434,
            0.8837032318115234,
            0.9012438058853149,
            0.9022347927093506,
            0.9068263173103333
        ]
    }
}