{
    "noise_multiplier": 1.1,
    "privacy_budget_per_round": [
        64.69238309555313,
        64.69238309555313,
        64.69238309555313,
        64.69238309555314,
        64.69238309555313,
        64.69238309555313,
        64.69238309555313,
        64.69238309555313,
        64.69238309555313,
        64.69238309555313
    ],
    "final_server_metrics": {
        "loss": [
            0.750282883644104,
            0.6883824467658997,
            0.868521511554718,
            0.4705939292907715,
            0.897743284702301,
            0.6926672458648682,
            0.5697391629219055,
            0.8254075050354004,
            0.8071261048316956,
            1.1366028785705566,
            1.129420280456543
        ],
        "accuracy": [
            0.49392300844192505,
            0.7703158259391785,
            0.7553229331970215,
            0.8097498416900635,
            0.7505766749382019,
            0.7982611656188965,
            0.7965756058692932,
            0.775949239730835,
            0.7901880741119385,
            0.7728886008262634,
            0.7932931184768677
        ],
        "precision": [
            0.5357860922813416,
            0.9612001180648804,
            0.8997049927711487,
            0.9537922143936157,
            0.9680602550506592,
            0.9687677025794983,
            0.9257614612579346,
            0.9168630838394165,
            0.9606594443321228,
            0.9693318605422974,
            0.9232522249221802
        ],
        "recall": [
            0.830670952796936,
            0.6216005682945251,
            0.6417049765586853,
            0.699680507183075,
            0.5810021162033081,
            0.6671082377433777,
            0.6986675262451172,
            0.6668744683265686,
            0.6583807468414307,
            0.6206654906272888,
            0.6946154236793518
        ],
        "f1_score": [
            0.6514100759679478,
            0.7549687649026257,
            0.7491130624345931,
            0.8072099546678133,
            0.7261748361254782,
            0.7901246040979778,
            0.7963407141907223,
            0.772138768481493,
            0.7813020156852399,
            0.7567696063916006,
            0.7927783659331614
        ],
        "auc": [
            0.347749263048172,
            0.8743883371353149,
            0.880323052406311,
            0.9065062999725342,
            0.7856500148773193,
            0.9218109250068665,
            0.9074799418449402,
            0.8906906843185425,
            0.9039570093154907,
            0.8898966908454895,
            0.8885334730148315
        ]
    }
}