{
    "noise_multiplier": 2.0,
    "privacy_budget_per_round": [
        35.580810702554224,
        35.580810702554224,
        35.580810702554224,
        35.580810702554224,
        35.580810702554224,
        35.580810702554224,
        35.580810702554224,
        35.580810702554224,
        35.580810702554224,
        35.580810702554224
    ],
    "final_server_metrics": {
        "loss": [
            0.6666283011436462,
            0.5120570659637451,
            0.7170943021774292,
            1.4796518087387085,
            1.2678678035736084,
            1.2456594705581665,
            1.9956203699111938,
            1.452240228652954,
            1.424976110458374,
            2.786025285720825,
            3.3571033477783203
        ],
        "accuracy": [
            0.5987846255302429,
            0.7699609398841858,
            0.7620209455490112,
            0.7880145311355591,
            0.7695173621177673,
            0.7861958742141724,
            0.7821593284606934,
            0.7557665109634399,
            0.7873491644859314,
            0.7619765996932983,
            0.7686746120452881
        ],
        "precision": [
            0.6280767917633057,
            0.9857705235481262,
            0.9032397270202637,
            0.9173921942710876,
            0.9112547039985657,
            0.9598301649093628,
            0.9309182167053223,
            0.9188293218612671,
            0.9210222959518433,
            0.9171974658966064,
            0.9230341911315918
        ],
        "recall": [
            0.7237590551376343,
            0.6046131253242493,
            0.6517571806907654,
            0.6897062063217163,
            0.659315824508667,
            0.651679277420044,
            0.6667965650558472,
            0.6262760162353516,
            0.6851866245269775,
            0.6396010518074036,
            0.6476272344589233
        ],
        "f1_score": [
            0.6725317521392777,
            0.7495170080722862,
            0.7571628921592977,
            0.7874204713121161,
            0.7650782127883904,
            0.7762926010659231,
            0.7770261329907536,
            0.7448563578252558,
            0.7857908769292651,
            0.7536498233152751,
            0.7611851552142581
        ],
        "auc": [
            0.6894989013671875,
            0.8695752620697021,
            0.8226034045219421,
            0.8366838097572327,
            0.8661685585975647,
            0.860945463180542,
            0.8681063055992126,
            0.8466312885284424,
            0.8552026748657227,
            0.8036192655563354,
            0.8320966362953186
        ]
    }
}