{
    "noise_multiplier": 4.0,
    "privacy_budget_per_round": [
        17.790405351277112,
        17.790405351277112,
        17.790405351277112,
        17.790405351277112,
        17.790405351277112,
        17.790405351277112,
        17.790405351277112,
        17.790405351277112,
        17.790405351277112,
        17.790405351277112
    ],
    "final_server_metrics": {
        "loss": [
            0.6868708729743958,
            0.5966115593910217,
            0.9429656267166138,
            1.7114741802215576,
            1.3954631090164185,
            1.670099139213562,
            1.7497749328613281,
            1.8222898244857788,
            2.9331398010253906,
            2.8732893466949463,
            3.0778696537017822
        ],
        "accuracy": [
            0.5682665109634399,
            0.8060681223869324,
            0.7667228579521179,
            0.7231636047363281,
            0.7443665862083435,
            0.755722165107727,
            0.781671404838562,
            0.795821487903595,
            0.7283534407615662,
            0.7878371477127075,
            0.7906759977340698
        ],
        "precision": [
            0.5688521862030029,
            0.9011093378067017,
            0.9095824956893921,
            0.9240864515304565,
            0.8785607218742371,
            0.9181506633758545,
            0.8876041173934937,
            0.9024843573570251,
            0.9569541215896606,
            0.9112178087234497,
            0.9246388673782349
        ],
        "recall": [
            0.9978960752487183,
            0.7405906915664673,
            0.6553416848182678,
            0.5596508979797363,
            0.6392893195152283,
            0.6267435550689697,
            0.7058365345001221,
            0.7190057039260864,
            0.5474168062210083,
            0.6950050592422485,
            0.6883814930915833
        ],
        "f1_score": [
            0.7246286821887395,
            0.8130025896607607,
            0.7618098469319081,
            0.6971123461718524,
            0.7400658440877872,
            0.7449636408535345,
            0.7863529946779478,
            0.8003643267850699,
            0.6964409631380106,
            0.7885592961785145,
            0.78920799723935
        ],
        "auc": [
            0.653975248336792,
            0.8464393615722656,
            0.8005024790763855,
            0.7557559609413147,
            0.8101177215576172,
            0.8787095546722412,
            0.8478744029998779,
            0.8439022898674011,
            0.8051597476005554,
            0.8244903683662415,
            0.8379982709884644
        ]
    }
}